"","Code","N","Leaf_size","Total_leaf_size","Leaf_thickness","Max_height","Height_at_5cm","Crown_ratio","Light_at_5cm","SLA","Bark_at_5cm","Bark_at_8mm","Wood_density","FG","Habit"
"1","ROMO",5,7137.9406782,7137.9406782,0.358,5,3.35014010032656,0.589257664980713,2.77011535833935,54.87762242,7.44744304189215,1.30492165995298,0.668108318,"S","tree"
"2","STCA",12,2725.75013463333,2725.75013463333,0.283333333333333,10,5.08969197945465,0.618181340050752,3.11930295400015,78.4881736518182,3.27825709597091,0.664330890083343,0.564925532166667,"S","tree"
"3","DIBU",5,10548.7854244,10548.7854244,0.48,6,2.73403826187462,0.457603903134045,3.58832178140999,65.283274516,12.1410396882695,1.6875846056708,0.4187682084,"S","tree"
"4","ALED",6,8439.55302483333,8439.55302483333,0.276944444444444,7,5.19542370440558,0.685402504508075,2.39665856199949,76.1100933433333,3.14593884678631,0.611676908152552,0.8238028135,"F","treelet"
"5","COLA",15,1098.27294948333,7227.63432233333,0.165,15,7.88304229009702,0.593478213647206,3.29619549784204,95.21542781,8.76254490858414,0.708080927945987,0.516624202833333,"G","tree"
"6","PIRO",5,8080.5445608,8080.5445608,0.494333333333333,8,2.44236095041797,0.612203329713766,4.38741431262997,58.0696591,12.9825376589976,1.10110582684931,0.5773630776,"S","treelet"
"7","PLPO",11,2983.34535372,2983.34535372,0.256666666666667,10,4.49270901907326,0.665278321679407,3.38335055766651,77.740516267,9.1844785612474,1.3575590977753,0.6277457042,"S","tree"
"8","BYCO",5,2790.4772316,2790.4772316,0.323333333333333,6,4.06798773670187,0.538199363360654,2.5511449556217,81.761138718,9.27485457708023,1.37544321561262,0.6895979772,"S","tree"
"9","DARA",7,930.09073188,930.09073188,0.309333333333333,12,7.57234878376087,0.430072348894188,2.88862508428146,102.42494235,5.89220418170002,1.03466435076604,0.4262348364,"G","tree"
"10","BARU",5,5797.3977878,5797.3977878,0.436,3.95,NA,0.491847570595072,NA,86.329107008,NA,0.904098582345393,0.6177401052,"S","shrub"
"11","MYLI",5,2814.9091466,2814.9091466,0.356666666666667,5.35,3.19927933931752,0.743899655696743,3.05402500630475,69.886893456,9.385387306342,1.66461544458521,0.5201239562,"S","tree"
"12","TEGL",10,3129.3462854,3129.3462854,0.272,16,7.31574489524888,0.586533050752701,3.09948532030474,77.17252765,6.61139594917421,0.988630193081026,0.7036905874,"G","tree"
"13","LAHA",7,2026.463575,2026.463575,0.24,8,5.75278581798379,0.842983679442113,2.31432164595213,125.033330383333,2.14691091738254,0.636711663526599,0.5467109092,"G","treelet"
"14","COSU",5,1506.6577282,10213.4279242,0.366,7,2.30230335991024,0.604832193250405,3.44940731833799,62.273669934,12.9957370861946,1.57840046473972,0.4494212164,"S","treelet"
"15","STAD",5,352.7775444,43173.583328,0.220666666666667,5,2.7743176896553,0.661194747281704,4.05553850778399,91.598996958,8.48925203667757,1.12923503105939,0.4655286348,"S","tree"
"16","ANCO",6,4662.72084433333,4662.72084433333,0.465555555555556,9,5.00941201525846,0.577667660015294,3.7053544948685,72.9540577516667,7.79726313399626,1.89486158625069,0.3997264335,"S","tree"
"17","CASY",15,981.40981375,981.40981375,0.170555555555556,10,6.23448401965903,0.505332148322343,2.59520343079191,98.72325622,4.07229831968068,0.994416149554788,0.6609211425,"F","tree"
"18","MAEL",12,1365.12865116,12615.0870676,0.263333333333333,14,6.72520024592898,0.653966551715941,3.01850523649437,79.141775581,3.39097850886881,1.09890660941229,0.6310054742,"G","tree"
"19","ZARH",5,452.40132848,8017.2558074,0.22,12,7.86900675946689,0.51173944895684,3.59245550879128,98.154673632,2.85377717825605,0.753334396057514,0.5554509776,"G","tree"
"20","MILI",10,1308.9584178,1308.9584178,0.251333333333333,8,5.08178571401966,0.715952156261367,3.12912118900867,92.6703720466667,5.14269404928973,1.05440017939519,0.6419342322,"S","treelet"
"21","ERGR",10,2802.5984542,13171.9253372,0.376666666666667,17,3.2060768324394,0.607908284393285,3.36507068827841,73.0632332,13.7595232325067,1.92126666315746,0.3877375974,"S","tree"
"22","MABR",10,964.36544374,7350.9845,0.173333333333333,15,8.30940615972057,0.603987692187567,3.66361219819864,111.967963107,3.51094277963585,0.840866626383407,0.5446461634,"G","tree"
"23","MYTO",12,1699.69628438,1699.69628438,0.276666666666667,12,4.9148438734897,0.631797645342572,2.70905410674448,76.3067139711111,4.53091586155754,0.7582845970531,0.7812410558,"S","tree"
"24","QUCO",5,3734.930901,3734.930901,0.235333333333333,11,4.54013252745376,0.481390351679455,3.3963952845872,106.919785184,8.67886724102174,0.87709052087801,0.624664007,"S","tree"
"25","SCVI",10,2099.4135558,14695.8948904,0.355333333333333,5,3.84973759783298,0.659134494232848,3.13885322797848,71.448686623,2.22644750775151,1.06821679240888,0.438604294,"S","treelet"
"26","ZEMO",5,4088.2007174,21609.444202,0.423333333333333,2.8,NA,0.722345636819321,NA,90.582619866,NA,1.26172785663796,0.49699631,"S","shrub"
"27","SYPU",10,2840.94775,2840.94775,0.308666666666667,8,5.34225357046025,0.534995635635542,3.45287016182289,88.719223312,5.0128740280251,0.827982874830115,0.5151643102,"S","treelet"
"28","GOPO",27,3354.92018526,3354.92018526,0.410666666666667,13,4.93950427595848,0.715252996275251,3.37895281354629,65.8894863163158,16.4242226563438,0.801979081548045,0.618323529,"G","tree"
"29","CAAD",11,1331.67631852,1331.67631852,0.332666666666667,3.5,2.17289045779814,0.616329588048866,3.41933993608651,68.716851854,2.15777785190512,0.735829034154961,0.719158424,"S","shrub"
"30","STRO",18,89.7893908957143,21844.9309718571,0.178333333333333,5.5,3.34459834298227,0.552148565608782,3.73995814263067,84.5029584854545,7.97068575638975,1.29199951855975,0.432781415285714,"S","tree"
"31","RAGU",5,2688.7061702,2688.7061702,0.366666666666667,8,3.16657192140332,0.538516071524651,3.58279278130372,76.797392884,9.58782735730564,1.50432647493475,0.4992447896,"S","tree"
"32","CHMA",5,1148.09693574,1148.09693574,0.232666666666667,10,4.26011682295959,0.84059620596206,3.0409750246845,107.177570832,2.68041126488273,0.610117462243381,0.7072963916,"G","tree"
"33","LIMO",6,1304.32273096,6521.6136542,0.231333333333333,12,6.45605179862596,0.593086230644275,2.60435341900044,105.96176042,3.46013124379045,0.702182925163371,0.5682385654,"F","tree"
"34","BOVI",5,797.77223698,11437.6987584,0.247333333333333,16,6.31039916321348,0.548502514199376,3.59989076702543,86.55506444,10.4738411145861,1.88461462337829,0.567884798,"S","tree"
"35","RAFE",7,1932.304098,1932.304098,0.263888888888889,12,6.20321482277983,0.529249146395454,3.21802131112534,112.16967756,2.18088186376893,1.14438780155218,0.622897865,"G","tree"
"36","OCPU",10,855.36113334,855.36113334,0.286,30,4.54691964396029,0.65031795985484,3.85857752429493,64.680360312,2.12164652453605,0.649268310444435,0.649871574,"G","tree"
"37","MYMU",6,510.49641264,510.49641264,0.222,7,5.40372722284687,0.582774004009423,2.974953842182,95.165644086,1.06795033271443,0.574422869039881,0.686089236,"G","tree"
"38","TAGU",17,1640.12700681818,12495.3005770909,0.234545454545455,14,7.23596603073589,0.688174730873078,3.6151059382839,82.84070096125,2.98652623853886,0.6149144332938,0.582067754727273,"G","tree"
"39","LEEL",15,852.57253482,7865.2961682,0.29,11,4.90462671736554,0.62521274116692,2.92045274740484,77.1170304672727,15.6937066412527,1.64895379530998,0.7004165014,"S","tree"
"40","MYFA",18,227.208207716667,227.208207716667,0.250666666666667,10,4.64668895742999,0.657630971408533,2.99637551913332,81.9545551154545,6.89976089141885,1.16602496264262,0.566545575666667,"G","tree"
"41","CABR",5,6705.3657454,20116.097236,0.454666666666667,3.75,2.32019476942201,0.632188008430071,3.71148220755751,75.11612722,12.5976109160465,0.816920605110125,0.5903615052,"S","tree"
"42","STFE",6,2908.80156733333,2908.80156733333,0.480555555555556,14,4.32701046911873,0.721150169061667,3.39099164815985,63.8443451016667,13.9325453820097,0.839123138378265,0.468739767833333,"S","tree"
"43","RAUM",17,2434.06467608,2434.06467608,0.386,15,6.27322922545365,0.597182099173296,3.35524454207781,63.300343912,3.66732332756583,0.906346546955822,0.6849334094,"G","tree"
"44","TOFO",5,8656.429144,8656.429144,0.688666666666667,2.6,NA,0.304320438803971,NA,85.002799266,NA,1.35844597044556,0.6559350994,"S","shrub"
"45","ANCR",12,4857.82356171429,4857.82356171429,0.345714285714286,12,4.4420580877451,0.673498776929597,3.58109175113929,67.964026575,15.561674188353,1.63154219554784,0.372258546571429,"S","tree"
"46","DUFU",5,3172.6805546,3172.6805546,0.332,2.53,NA,0.847580837182723,NA,52.590315598,NA,1.41268525194052,0.6062577318,"S","shrub"
"47","QUGR",5,6318.2583524,6318.2583524,0.380666666666667,12,5.18885261151514,0.599761254862133,2.92171020768669,62.657420718,11.1282940535488,1.1820737136327,0.5574552358,"S","tree"
"48","DIMO",11,53.185828798,38599.040284,0.181333333333333,14,3.50196445635155,0.635571118635494,4.16944072109097,84.146577091,11.0772442024049,1.27334271123015,0.4750357888,"S","tree"
"49","ERSU",5,2782.4864778,2782.4864778,0.278,4,2.54479701984509,0.722806902393959,3.92851317671235,83.018468546,14.4216550722339,1.13189175515966,0.6006542796,"S","treelet"
"50","KICO",5,5864.034767,5864.034767,0.392666666666667,3.5,2.15030020720848,0.525075825254083,3.12255966420429,76.69429054,16.8205309113382,1.91120313115072,0.43617147,"S","tree"
"51","MAAC",18,1229.3676288,17115.073244,0.211333333333333,14,5.12715464828463,0.532362607086454,3.30036927048974,86.891373625,15.3662378183307,1.11627757914955,0.638275682,"S","tree"
"52","VOTU",24,2145.55606533333,2145.55606533333,0.324,15,6.64693277511218,0.758262338188057,3.35114246221916,88.8799255290909,9.44777592309471,0.919518951654569,0.488284664833333,"G","tree"
"53","GOBA",10,6356.4763284,6356.4763284,0.452666666666667,6.5,3.31190881906786,0.602125064163216,3.8760008987998,103.725771671,3.35310497678896,0.767600175631225,0.7459366674,"S","shrub"
"54","MIAL",9,5345.8590505,10863.8422365,0.3775,4.83,2.96514250318262,0.824611689080484,3.09259473994206,57.4861904811111,7.08432024767659,0.871742108569184,0.69240955225,"S","treelet"
"55","AEVE",12,6025.82888916667,6025.82888916667,0.341111111111111,4.5,3.34356199761103,0.449586166427284,3.98317808456863,96.2705694990909,9.14198180252883,1.27434068882734,0.425399702,"S","tree"
"56","CESE",2,NA,NA,NA,3.5,NA,NA,NA,NA,NA,NA,NA,"F","shrub"
"57","PEOB",21,1875.1472526,1875.1472526,0.256,14,7.83175828589748,0.682289503088463,3.31664198291269,104.651650987273,4.01898155020636,0.734730535016475,0.542815699,"G","tree"
"58","ANDI",5,10233.4578214,10233.4578214,0.473333333333333,2,1.76065296093025,0.634975879040408,3.92757348325511,114.497480302,NA,1.15564961785479,0.3241228446,"S","shrub"
"59","SOLY",5,10136.90954825,10136.90954825,0.471666666666667,1.2,NA,0.798383838383838,NA,123.34635987,NA,0.852176189781523,0.5145645706,"S","shrub"
"60","TAOC",5,2749.76989606,13366.7047882,0.432666666666667,14,3.10054958320472,0.399668057910526,3.39088704633324,61.347419242,12.5582691953249,1.81360995356191,0.6227994928,"G","tree"
"61","OUSP",11,5549.4429898,5549.4429898,0.438666666666667,7,3.58890789157405,0.597480895660863,3.73681126293597,59.339025666,11.4912847462648,1.79913981638954,0.590901634833333,"S","tree"
"62","TACA",10,1424.29105842,1424.29105842,0.221333333333333,9,4.92209714807763,0.773576616908271,2.65330087784715,107.017547272,5.41249092311084,1.21913267965513,0.613289801,"F","tree"
"63","OCCO",24,1410.84889908333,1410.84889908333,0.256666666666667,20,6.90549922396162,0.748114716991499,3.6943548807615,70.3537912836364,5.6658672200479,0.856408758299991,0.614587759166667,"G","tree"
"64","ERCU",5,83.385673292,83.385673292,0.201333333333333,4,NA,0.600868574714678,NA,104.50157461,NA,1.46911248948282,0.7773700504,"S","shrub"
"65","BADR",6,88.4078313066667,88.4078313066667,0.186111111111111,3.5,NA,0.502902285820376,NA,159.01649115,NA,0.57651719527085,0.547898852166667,"G","treelet"
"66","PEWI",1,NA,NA,NA,20,NA,NA,NA,NA,NA,NA,NA,"F","tree"
"67","PRMY",1,NA,NA,NA,15,NA,NA,NA,NA,NA,NA,NA,"G","tree"
"68","AMIN",13,5158.53812533333,5158.53812533333,0.235555555555556,9,7.08591993060454,0.64426230538162,2.98318822608207,109.414572590909,3.09208703704221,0.685472460249536,0.719115994,"G","tree"
"69","QUMU",5,5188.2059162,5188.2059162,0.297333333333333,9,5.79916413608367,0.434912181163718,2.32006732778855,104.862559978,7.39682894657036,1.02433840800618,0.5817943682,"S","tree"
"70","POTO",6,7829.0591055,7829.0591055,0.285555555555556,18,6.70326147819153,0.505689267183174,2.40179715331558,95.12135381,14.6425043885194,1.6822511936537,0.534070578333333,"S","tree"
"71","STPO",4,4406.74961325,4406.74961325,0.2925,12,NA,0.630952380952381,NA,99.7007266975,NA,1.99392374296534,0.532833551333333,"F","tree"
"72","PRHE",10,3687.8873574,22844.9929474,0.194,20,6.79389897125196,0.603060358682118,3.5312195774943,106.56851605,2.89486592189074,0.922662193617521,0.5261088164,"G","tree"
"73","SIGU",11,9145.81492783333,9145.81492783333,0.247777777777778,10,7.46032062441607,0.557039910424693,2.86673140016002,125.29411619,2.39421368297788,0.891362678710695,0.589690087666667,"G","tree"
"74","JACA",5,106.108072886,14859.099198,0.154666666666667,10,4.6984744541804,0.547477552555661,3.90370200329488,126.66884648,2.33706127093807,0.641153959222912,0.4824396744,"S","shrub"
"75","BYBA",1,NA,NA,NA,10,NA,NA,NA,NA,NA,NA,NA,"S","tree"
"76","RALA",4,1212.1845763,1212.1845763,0.233333333333333,6,4.77386600152629,0.631578947368421,3.27265113767104,87.090005815,NA,0.665466840519886,0.68865543475,"F","tree"
"77","CALU",1,NA,NA,NA,8,NA,NA,NA,NA,NA,NA,NA,"F","tree"
"78","CUVE",6,4959.7501476,59590.84174,0.210666666666667,22,6.72727700046927,0.397551526460968,2.83945900779344,119.308988908,4.1906797683601,0.492963441837439,0.6651306272,"F","tree"
"79","PLEL",9,618.52783586,6928.4827472,0.208,14,6.91867145674055,0.341489181694882,2.92052045178202,118.88087017,12.9510815515688,0.950783257334165,0.6970529618,"F","tree"
"80","LUGR",5,14117.5985416,14117.5985416,0.303333333333333,14,6.24881055774761,0.497734433974642,3.29184810807442,194.614704198,8.05635509887147,1.24589619303578,0.3739187998,"G","tree"
"81","DAEL",5,1511.23642676,1511.23642676,0.321333333333333,2,1.5957447403167,0.861546345811052,3.6497332316676,77.58489149,6.27559115067574,0.684714238163408,0.6358123858,"S","shrub"
"82","CAGU",7,2998.87615285714,2998.87615285714,0.297619047619048,10,5.69213530220612,0.492506376975859,2.64060861529166,129.402996445714,1.85981642773852,0.810721059688878,0.712302340285714,"F","tree"
"83","OCVE",8,6015.256031,6015.256031,0.255555555555556,12,6.47374813495034,0.342168085221424,2.76684222357247,116.231555285,7.23257638271555,0.936240023765912,0.488697248666667,"F","tree"
"84","OCMI",7,2820.873337,2820.873337,0.217222222222222,15,7.33822096571915,0.583210040024519,2.89059309094153,121.749595138333,9.5192466167631,0.820373707704477,0.600404942,"G","tree"
"85","EUMY",6,3897.37036925,3897.37036925,0.29,10,6.82088482268239,0.394003028177179,2.41888110607578,112.767566504,4.1340111862261,0.605466738070902,0.7133427896,"G","tree"
"86","ANCA",6,9025.41235366667,9025.41235366667,0.192777777777778,20,9.66970150840603,0.415132495658392,3.23127167772502,126.246897556667,5.16749534525813,1.30880993057183,0.327291104666667,"F","tree"
"87","MYVE",5,1418.05532784,1418.05532784,0.353333333333333,9,7.23505054704771,0.55775035463357,2.97779292398515,69.125645602,3.88965542403422,0.914836778339779,0.789898012,"S","tree"
"88","EUPU",2,NA,NA,NA,7,6.71853789761731,NA,2.60275245518896,NA,NA,NA,NA,"S","treelet"
"89","GUNI",5,2459.953583,2459.953583,0.214,12,6.88588646307761,0.341829797035139,2.99264737728177,130.6850564,3.81106254465105,1.10636265096406,0.4001423552,"F","tree"
"90","PLRE",5,195.798018534,14340.7205462,0.156666666666667,12,6.27777505856971,0.378705010264058,2.36979738765573,153.1347917,9.9738847021361,0.956412015353675,0.5204944488,"S","tree"
"91","CUTE",6,1401.44775362,15759.1334798,0.757333333333333,6,5.09722881566669,0.598583558775686,3.08428039785961,138.137229856,2.35260046144982,0.631086262063303,0.7373822044,"G","treelet"
"92","NECU",5,2794.0732088,2794.0732088,0.2,30,8.72873950418272,0.422745286648711,3.56435900972767,111.503659808,2.94934309703741,0.691610185183513,0.5555771528,"F","tree"
"93","NEOP",1,NA,NA,NA,20,NA,NA,NA,NA,NA,NA,NA,"F","tree"
"94","ANFA",17,7.3282361042,11422.4173282,0.176666666666667,16,5.84421909747337,0.530807844132035,2.87149019561352,99.119872232,18.6336275501749,1.23107616830669,0.6388030136,"G","tree"
"95","LUCA",5,5463.9817062,5463.9817062,0.253333333333333,12,7.15349492219173,0.470785555823413,2.82207973019215,159.345684858,4.90131470470739,0.97861391521794,0.5407094378,"G","tree"
"96","LISA",5,571.4362101,571.4362101,0.386,4,NA,0.53304557199906,NA,123.58378344,NA,0.42781502424985,0.6853979484,"S","shrub"
"97","BALO",6,5804.3213876,5804.3213876,0.382,11,7.24422804568854,0.387345315649892,3.14955053623399,114.20866211,3.66450626919293,0.957288341270915,0.7607245802,"F","tree"
"98","PIAX",12,14217.568592,14217.568592,0.402,20,6.33259475723848,0.552921481642185,4.00462212155516,114.128926116,8.98706840887266,0.945303284370174,0.5718425744,"F","tree"
"99","CEPA",5,168492.66666,168492.66666,0.303333333333333,11.5,3.69957874386767,0.290565576141757,4.29825537748383,101.4038998,2.3585805558544,0.463978326024907,0.3881435332,"G","tree"
"100","TAAU",5,14330.016669,71650.083335,0.49625,30,NA,0.481492198898743,NA,55.8571272675,15.1577739973362,NA,0.536399952,"S","tree"
"101","ERTO",5,5577.7808888,5577.7808888,0.416666666666667,4,2.53821995206147,0.442969916947777,3.52039729998507,76.214614998,13.947515943835,1.96058020206026,0.6309101454,"S","treelet"
"102","ASTO",5,7546.9511112,7546.9511112,0.368,20,3.53447379821402,0.486690220015626,3.28346751450612,69.428100584,10.1730449322868,1.559460636642,0.608864309,"S","tree"
"103","ZETU",5,41382.453334,206912.26664,0.269,23,4.74485190398856,0.315790937640145,1.87026537809659,205.46487714,9.09281611964733,1.29031445028293,0.586623411,"G","tree"
"104","ERDE",5,2633.0469778,2633.0469778,0.261333333333333,8,3.51809528700953,0.482908254069771,3.17562664126072,78.635952192,4.87879658741744,0.859501434225618,0.7614562452,"G","tree"
"105","HEAP",1,NA,NA,NA,18,8.66123542451431,NA,2.72235895024383,NA,NA,NA,NA,"F","tree"
"106","AESE",5,25938.131866,25938.131866,0.283666666666667,9.4,5.27500747828111,0.528112403262002,3.23255368929633,114.74485332,5.85147686459016,0.703070383943898,0.41676859225,"F","tree"
"107","MAGU",5,1570.9053334,1570.9053334,0.1325,14,5.0462032841041,0.691088921444551,3.19044336312729,167.17417752,1.45737802120848,0.594428594948527,0.5901921362,"G","tree"
"108","CRFL",5,15036.696488,15036.696488,0.282333333333333,13,6.47467927238779,0.616056523007467,3.43922403807768,102.542776126,4.03636706335356,0.641597719805499,0.5296058936,"F","tree"
"109","MISE",5,3635.1047556,3635.1047556,0.179333333333333,15,4.738474980298,0.649791834297946,2.74893684627389,120.8194446,2.73126803952465,0.541814543463795,0.6077607482,"G","tree"
"110","DAFA",5,2447.0236,2447.0236,0.222666666666667,8,NA,0.456310357013486,2.34601236120551,113.224953488,NA,1.03062052077299,0.5912125312,"G","tree"
"111","GUVI",3,22152.0053333333,22152.0053333333,0.2,7,NA,0.552683914390976,NA,130.4967849,4.74786793079361,0.713280753175499,0.658758769666667,"F","tree"
"112","FAMO",3,11604.1851833333,11604.1851833333,0.203333333333333,12,NA,NA,NA,116.923904166667,NA,0.619375075494064,0.687995786333333,"G","tree"
"113","PORA",3,11208.7037023333,11208.7037023333,0.187777777777778,30,NA,NA,NA,94.0553568,NA,1.24657441618257,0.689815386,"G","tree"
"114","BYLA",3,5741.82666666667,5741.82666666667,0.29,20,NA,NA,NA,75.54391964,NA,1.04914727006377,0.574483239666667,"G","tree"
"115","SYRE",3,3341.585926,3341.585926,0.311111111111111,18,NA,NA,NA,110.5410585,NA,1.70541963335401,0.491789207333333,"G","tree"
"116","XYAR",3,4327.29074066667,4327.29074066667,0.265555555555556,6,NA,NA,NA,99.00391546,NA,1.08032309470801,0.396054489,"G","tree"
